{
  "identifier": "tech.gunderson.sn-theme-monochrome-dark",
  "name": "Monochrome Dark",
  "content_type": "SN|Theme",
  "area": "themes",
  "version": "1.2",
  "description": "A near-monochrome dark theme for Standard Notes.",
  "url": "https://cdn.jsdelivr.net/gh/Parkertg/sn-theme-monochrome-dark@v1.2/main.css",
  "download_url": "https://github.com/Parkertg/sn-theme-monochrome-dark/archive/refs/tags/v1.2.zip",
  "marketing_url": "https://github.com/Parkertg/sn-theme-monochrome-dark",
  "thumbnail_url": "https://raw.githubusercontent.com/Parkertg/sn-theme-monochrome-dark/main/preview.png"
    "latest_url": "https://listed.to/p/eY9kuTLQzB",
  "dock_icon": {
    "type": "circle",
    "background_color": "#adadad",
    "foreground_color": "#ffffff",
    "border_color": "#ffffff"
  },
  "statusBar" : "dark-content"
}
