{
  "identifier": "tech.ragets.sn-theme-jw-dark",
  "name": "JW Dark",
  "content_type": "SN|Theme",
  "area": "themes",
  "version": "1.0",
  "description": "A dark theme based on JW.org and JW Library for Standard Notes.",
  "url": "https://sragets.alwaysdata.net/sn/main.css",
  "download_url": "https://github.com/who8mypnuts/jw-sn/raw/refs/heads/main/Archive.zip",
  "marketing_url": "https://github.com/who8mypnuts/jw-sn",
  "thumbnail_url": "https://raw.githubusercontent.com/Parkertg/sn-theme-monochrome-dark/main/preview.png"
    "latest_url": "https://raw.githubusercontent.com/who8mypnuts/jw-sn/refs/heads/main/extension.json",
  "dock_icon": {
    "type": "circle",
    "background_color": "#adadad",
    "foreground_color": "#ffffff",
    "border_color": "#ffffff"
  },
  "statusBar" : "dark-content"
}
